Name,Address,City,Postcode,Latitude,Longitude
99 PHARMACY,436 DUNDAS STREET W.,Toronto,M5T1G7,43.65325,-79.39567
ACTION PHARMACY,101-2425 BLOOR STREET WEST,Toronto,M6S4W4,43.649192,-79.483458
ALBION FINCH PHARMACY,"6230 FINCH AVE WEST, UNIT A102",Toronto,M9V0A1,43.73682,-79.30764
ALLCURES PHARMACY,31 ST. DENNIS DRIVE. SUITE #1,Toronto,M3C1G7,43.718572,-79.329585
APEX DRUG MART,90 EGLINTON AVE. EAST,Toronto,M4P2Y3,43.70763,-79.395903
APOLLON PHARMACY,698 DANFORTH AVENUE,Toronto,M4J1L1,43.679409,-79.34384
APOTHECA COMPOUNDING PHARMACY,417 SPADINA ROAD,Toronto,M5P2W3,43.688859,-79.412451
ASH MEDICAL PHARMACY,2900 EGLINTON AVE EAST,Toronto,M1J2E4,43.739977,-79.23326
ASHDALE PHARMACY,1568 QUEEN STREET E,Toronto,M4L1E9,43.666089,-79.318813
AUGUSTA CENTRAL PHARMACY,1-360 COLLEGE STREET,Toronto,M5T1S6,43.657379,-79.404447
AUSTINS DRUG MART,4235 SHEPPARD AVE EAST UNIT 108,Toronto,M1S1T7,43.761553,-79.410695
AVA PHARMACY,81 ST CLAIR AVE EAST,Toronto,M4T1M7,43.68892,-79.39019
AYDA PHARMACY,1801 EGLINTON AVENUE W.,Toronto,M6E2H8,43.694972,-79.453456
PHARMACHOICE PARKDALE,15 RONCESVALLES AVE,Toronto,M6R2K3,43.63936,-79.44598
B.WELL PHARMACY,262 MANITOBA ST,Toronto,M8Y4G9,43.623966,-79.489719
BALMORAL CHEMISTS,1366 YONGE ST.,Toronto,M4T3A7,43.686039,-79.393592
BEECH MEDICAL PHARMACY,855 KINGSTON ROAD,Toronto,M4E1R9,43.680112,-79.290892
BEN MEDICAL PHARMACY INC,1-935 SHEPPARD AVE WEST,Toronto,M3H2T7,43.751178,-79.459019
BIO PHARMACY,1177 ST. CLAIR AVENUE W.,Toronto,M6E1B5,43.677628,-79.443455
BLAIR COURT PHARMACY,2364349 ONTARIO INC 266 DONLANDS AVE,Toronto,M4J5B1,43.68966,-79.34191
BLOOM PHARMACY,1A-170 FORT YORK BLVD,Toronto,M5V0E6,43.63939,-79.39979
BLOOR DUNDAS PHARMACY,2333 DUNDAS STREET W,Toronto,M6R3A6,43.655895,-79.452645
BLOOR MEDICAL PHARMACY,1062 BLOOR STREET WEST,Toronto,M6H1M3,43.660727,-79.432851
BLOOR PARK PHARMACY,728 BLOOR ST WEST,Toronto,M6G1L4,43.663793,-79.418204
BLOOR ST PHARMACY,849 BLOOR STREET W.,Toronto,M6G1M3,43.662208,-79.423691
BLOOR WEST PHARMACY,2262 BLOOR STREET WEST,Toronto,M6S1N9,43.650983,-79.478043
BLOORCOURT PHARMACY,936 BLOOR STREET W.,Toronto,M6H1L4,43.661764,-79.427737
BLOOR-SHERBOURNE PHARMACY,608 SHERBOURNE STREET,Toronto,M4X1X6,43.672018,-79.376897
BLUE SKY PHARMACY,1176-A ST CLAIR AVE WEST,Toronto,M6E1B4,43.67782,-79.44266
BRIARHILL PHARMACY,63-2700 DUFFERIN STREET,Toronto,M6B4J3,43.701713,-79.453993
BROADON PHARMACY,607 GERRARD STREET E.,Toronto,M4M1Y2,43.66595,-79.35119
BROADVIEW MEDICAL PHARMACY,743 BROADVIEW AVE,Toronto,M4K2P6,43.67579,-79.358097
BROCK MEDICAL PHARMACY,1637 DUNDAS STREET WEST,Toronto,M6K1V2,43.649783,-79.436267
C C PHARMACY,1351 YONGE STREET,Toronto,M4T1X9,43.686104,-79.393004
CABBAGETOWN PHARMACY,457 PARLIAMENT STREET,Toronto,M5A3A3,43.6637,-79.3674
CADENCE APOTHECARY,200 SPADINA AVE,Toronto,M5T2C2,43.650308,-79.397337
CAMH PHARMACY,1001 QUEEN ST W,Toronto,M6J1H4,43.64403,-79.41809
CANADIAN ADDICTION TREATMENT PHARMACY,100-1111 FINCH AVENUE WEST,Toronto,M3J2E5,43.71851,-79.41466
CANADIAN COMPOUNDING PHARMACY MEDS,2920 BLOOR ST W,Toronto,M8X1B6,43.65197,-79.40699
CANES COMMUNITY PHARMACY,135 QUEENS PLATE DRIVE,Toronto,M9W6V1,43.64366,-79.36916
CARE AND HEALTH PHARMACY,2928 DANFORTH AVE,Toronto,M4C1M1,43.69236219,-79.2833792
CENTRAL WESTON PHARMACY,2105 WESTON RD,Toronto,M9N1X7,43.70231,-79.52417
CHARLES PHARMACY,1204 KING ST W,Toronto,M6K1G4,43.63911,-79.42773
CHRISTIE PHARMACY,697 ST-CLAIR AVE WEST,Toronto,M6C1B2,43.681421,-79.426185
CITY PHARMACY,238 DANFORTH AVENUE,Toronto,M4K1N4,43.677148,-79.355409
CLAIR GARDENS PHARMACY,1263 ST. CLAIR AVENUE W.,Toronto,M6E1B8,43.676969,-79.446646
CLAIRHURST MEDICAL PHARMACY,109-1466 BATHURST ST,Toronto,M5R3S3,43.68278,-79.41835
CLAIRWOOD DRUG MART,942 ST. CLAIR AVENUE W,Toronto,M6C1C8,43.679929,-79.435427
CLOUD PHARMACY,55 DUNDAS ST E,Toronto,M5B1C6,43.65595,-79.37871
COLLEGE CENTRE PHARMACY II,528 COLLEGE STREET,Toronto,M6G1A6,43.656077,-79.410932
COLLEGE DRUG MART,673 COLLEGE ST,Toronto,M6G1B9,43.655007,-79.417127
COLLEGE MEDICAL PHARMACY,101-474 COLLEGE ST.,Toronto,M6G1A4,43.656401,-79.409337
COMMUNITY CHOICE PHARMACY BLACK CREEK,5-2202 JANE ST,Toronto,M3M1A4,43.72168,-79.51059
COMMUNITY CHOICE PHARMASAVE,1892 DAVENPORT RD,Toronto,M6N1B7,43.67089,-79.45466
COSMO PHARMACY,3101 BLOOR ST. WEST,Toronto,M8X2W2,43.646011,-79.517431
COXWELL PHARMACY,688 COXWELL AVENUE,Toronto,M4C3B7,43.682634,-79.323698
CRESCENT ST PHARMACY,2688 DANFORTH AVE,Toronto,M4C1L7,43.689049,-79.298836
CURE PHARMACY,108-1585 MARKHAM RD,Toronto,M1B2W1,43.788362,-79.23656
DALECLIFF MEDICAL PHARMACY,2-209 ELLESMERE RD,Toronto,M1R4E2,43.762347,-79.295984
DALES PHARMACY,572 PARLIAMENT ST,Toronto,M4X1P8,43.66752,-79.36964
DANFORTH CENTRAL PHARMACY,1188 DANFORTH AVENUE,Toronto,M4J1M3,43.681593,-79.332551
DANFORTH DRUG MART,1871 DANFORTH AVE,Toronto,M4C1J3,43.684499,-79.317274
DANFORTH MAIN PHARMACY,2575 DANFORTH AVE E,Toronto,M4C1L5,43.688201,-79.30032
DANFORTH MEDICAL PHARMACY,1156 DANFORTH AVE,Toronto,M4J1M3,43.681495,-79.333376
DANFORTH NEIGHBOURHOOD PHARMACY CARE,2416 DANFORTH AVE,Toronto,M4C1K9,43.687752,-79.305023
DANNY'S DRUGSTORE INC,2284 KINGSTON ROAD,Toronto,M1N1T9,43.70629,-79.251154
DARCY 2 PHARMACY,315 SPADINA AVE,Toronto,M5T2E9,43.65422,-79.39815
DATU'S PHARMACY,103-2238 DUNDAS STREET WEST,Toronto,M6R3A9,43.654385,-79.451499
DAVENPORT PHARMACY,219 DAVENPORT RD. UNIT 115,Toronto,M5R1J3,43.696991,-79.285387
DAVISVILLE PHARMACY,4-1901 YONGE STREET,Toronto,M4S1Y6,43.698131,-79.396253
DAWES DRUG MART,424 DAWES ROAD,Toronto,M4B2E9,43.701694,-79.297262
DELISLE PHARMACY,1560 YONGE STREET UPPER COURT LEVEL,Toronto,M4T2S9,43.689687,-79.39513
DELRAY PHARMACY,2812 BATHURST ST,Toronto,M6B3A6,43.713279,-79.428665
DEMARCO PHARMACY,2394 KEELE ST,Toronto,M6M4A5,43.708653,-79.478052
DOM'S PHARMACY,3630 VICTORIA PARK AVE.,Toronto,M2H3B2,43.80714,-79.33875
DON RUSSELL DRUG MART,2891 LAKESHORE BLVD W,Toronto,M8V1J1,43.60082,-79.503908
DON VALLEY PHARMACY,855 BROADVIEW AVE,Toronto,M4K2P9,43.6796,-79.35786
DOWNSVIEW PARK PHARMACY,100-2830 KEELE STREET,Toronto,M3M3E5,43.730508,-79.483443
DOWNTOWN DISPENSARY II,1678 DUFFERIN STREET,Toronto,M6H3M1,43.677594,-79.443199
DRUG CENTRE DISCOUNT PHARMACY,1473 EGLINTON AVE W,Toronto,M6E2G6,43.69807,-79.43923
DRUG STORE PHARMACY,17 LESLIE ROAD,Toronto,M4M3H9,43.660908,-79.328999
DRUG STORE PHARMACY,650 DUPONT STREET,Toronto,M6G1Z2,43.672149,-79.421002
DRUG STORE PHARMACY,10 LOWER JARVIS,Toronto,M5E1Z9,43.64449,-79.36988
DRUG STORE PHARMACY,2280 DUNDAS STREET W.,Toronto,M6R1X4,43.65492,-79.45243
DRUG STORE PHARMACY,449 CARLAW AVE,Toronto,M4K3H9,43.668303,-79.342753
DRUGS BASICS PHARMACY,1068 DANFORTH AVENUE,Toronto,M4J1M2,43.681062,-79.335646
DRUGSTORE PHARMACY,50 MUSGRAVE ST,Toronto,M4E3W2,43.68836,-79.28822
DRUGSTORE PHARMACY,3671 DUNDAS ST. WEST,Toronto,M6S2T3,43.66587,-79.48593
DRUGSTORE PHARMACY,700 LAWRENCE AVE W,Toronto,M6A3B4,43.715932,-79.44497
DRUGSTORE PHARMACY,985 WOODBINE AVENUE,Toronto,M4V4B8,43.68686,-79.31302
DRUGSTORE PHARMACY,222 LANSDOWNE AVE,Toronto,M6K3C6,43.64956,-79.4407
DRUGSTORE PHARMACY,1450 LAWRENCE AVE E,Toronto,M4A2S8,43.741791,-79.313349
DRUGSTORE PHARMACY,25 PHOTOGRAPHY DRIVE,Toronto,M6M0A1,43.68678,-79.48377
DRUGSTORE PHARMACY,1591 WILSON AVENUE,Toronto,M3L1A5,43.719818,-79.509437
DRUGSTORE PHARMACY,1020 ISLINGTON AVENUE,Toronto,M8Z4R3,43.63428,-79.51984
DRUGTOWN PHARMACY,1500 ROYAL YORK ROAD,Toronto,M9P3B6,43.693136,-79.531393
DUFFERIN CENTRAL PHARMACY,1649 DUFFERIN ST,Toronto,M6H3L9,43.677305,-79.442501
DUFFERIN DRUG MART PHARMACY,1670 DUFFERIN ST,Toronto,M6H3M2,43.677414,-79.443249
DUFFERIN FINCH PHARMACY,C1-2 CHAMPAGNE DRIVE,Toronto,M3J2C5,43.766427,-79.47234
DUFFERIN MEDICAL PHARMACY,2045 DUFFERIN ST,Toronto,M6E3R4,43.686443,-79.446203
DUKE PHARMACY,2798 DUNDAS ST. W,Toronto,M6P1Y5,43.665558,-79.462726
DUNBLOOR MEDICAL PHARMACY,5115 DUNDAS STREET WEST,Toronto,M9A1C1,43.27184,-80.01323
DUNDAS EUCLID PHARMACY,828 DUNDAS STREET WEST,Toronto,M6J1V3,43.651792,-79.409397
DUNN PHARMACY,1386 QUEEN STREET WEST,Toronto,M6K1L7,43.641434,-79.433671
EAGLE MANOR PHARMACY,1901 WESTON ROAD UNIT 19,Toronto,M9N3P5,43.70057,-79.51667
EGLINTON BATHURST PHARMACY,856 EGLINTON AVE W,Toronto,M6C2B6,43.701129,-79.426037
EGLINTON DISCOUNT DRUGS,1774 EGLINTON AVENUE WEST MAIN FLOOR,Toronto,M6E2H6,43.694972,-79.453456
EGLINTON MEDICAL PHARMACY,2010 EGLINTON AVENUE WEST,Toronto,M6E2K3,43.694972,-79.453456
FAMILY CARE PHARMACY,5-1209 KING STREET WEST,Toronto,M6K1G2,43.638865,-79.426833
FINCH-LESLIE PHARMACY,149C RAVEL ROAD,Toronto,M2H1T1,43.794325,-79.325958
FOREST HILL PHARMACY,102-491 EGLINTON AVE W,Toronto,M5N1A8,43.70346,-79.41285
FRIENDLY CARE KING WEST PHARMACY,2077 WESTON ROAD,Toronto,M9N1X7,43.702157,-79.522441
FRONT STREET PHARMACY,431 KING STREET EAST,Toronto,M5A1L5,43.65353,-79.361576
GENIX PHARMACY,3094 DANFORTH AVENUE,Toronto,M1L1B1,43.692118,-79.284461
GERIAT RX PHARMACY,53 THE LINKS ROAD SUITE 200,Toronto,M2P1T7,43.698697,-79.286093
GERRARD STREET PHARMACY,247 COXWELL AVE,Toronto,M4L3B4,43.672612,-79.318979
GET WELL PHARMACY,1278 THE QUEENSWAY,Toronto,M8Z1S3,43.62135,-79.52658
GLEN GEORGE IDA,1118 VICTORIA PARK AVE,Toronto,M4B2K3,43.707937,-79.296247
GLEN MANOR PHARMACY,116 GLEN MANOR DRIVE,Toronto,M4E2X2,43.67437,-79.37575
GLENGROVE PHARMACY,2760 YONGE ST,Toronto,M4N2J2,43.71867,-79.40123
GLENHOLME PHARMACY,896 ST. CLAIR AVE W,Toronto,M6C1C5,43.6804,-79.433223
GOLDEN GATE PHARMACY,939 O'CONNOR DRIVE,Toronto,M4B2S7,43.707704,-79.311181
GREEN MEDICAL PHARMACY,1705 ST CLAIR AVENUE WEST,Toronto,M6N1J2,43.674062,-79.459406
GREEN PHARMACY,620A BLOOR STREET WEST,Toronto,M6G1K7,46.49946,-81.00068
GREENDALE DRUGS,152 CARLTON ST.,Toronto,M5A2K1,43.6631,-79.37457
GREENWOOD PHARMACY,1285 GERRARD ST EAST,Toronto,M4L1Y5,43.670753,-79.328201
HABER'S COMPOUNDING PHARMACY,1584 BATHURST ST,Toronto,M5P3H3,43.68677,-79.42028
HARBOURFRONT MEDICINE CABINET,#1-8 YORK STREET,Toronto,M5J2Y2,43.6405,-79.38081
HEALTH CARE MART,1173 QUEEN ST W,Toronto,M6J1J4,43.64259,-79.426012
HEALTH CHOICE PHARMACY,449 QUEEN ST W,Toronto,M5V2A9,43.64849,-79.3969
HEALTH DRUG MART,105 PARKWAY FOREST DR,Toronto,M2J1L8,43.774126,-79.341835
HEALTH DRUG MART,70 FOREST MANOR RD,Toronto,M2J0A9,43.774431,-79.344259
HEALTHSHIELD PHARMACY,2-589 KING STREET EAST,Toronto,M5A1M6,43.656428,-79.35647
HEALTHSHIELD PHARMACY,939 O'CONNOR DRIVE,Toronto,M4B2S7,43.707704,-79.311181
HELLENIC PHARMACY,374 DANFORTH AVENUE,Toronto,M4K1N8,43.677857,-79.352214
HERITAGE PHARMACY,1488 DANFORTH AVENUE,Toronto,M4J1N4,43.683129,-79.325735
HIGH PARK PHARMACY,1938 BLOOR STREET W.,Toronto,M6P3K8,43.653442,-79.466793
HILARY'S PHARMACY,811 DUNDAS STREET W.,Toronto,M6J1V4,43.651618,-79.40865
HOMA PHARMACY,2698 JANE STREET,Toronto,M3L1S5,43.743118,-79.514126
HOOPER'S PHARMACY,2124 QUEEN STREET EAST,Toronto,M4E1E3,43.671543,-79.293932
HOWARD PHARMACY,25 HOWARD STREET,Toronto,M4X1J6,43.671107,-79.375062
HUI'S PHARMASAVE,280 SPADINA AVE,Toronto,M5T3A5,43.65252,-79.39858
HUMBER BAY PHARMACY,2240 LAKESHORE BLVD,Toronto,M8V0B1,43.62123,-79.48332
HURST GUARDIAN PHARMACY,419 DONLANDS AVENUE,Toronto,M4J3S2,43.694451,-79.342714
ICARE DISCOUNT PHARMACY,6-1577 DANFORTH AVE,Toronto,M4C1H7,43.68318,-79.32304
ICARE PHARMACY SERVICES,26-2 THORNCLIFFE PARK DR.,Toronto,M4H1H2,43.7066,-79.35149
INFINITY HEALTH PHARMACY,35 LOWER SIMCOE STREET,Toronto,M5J3A6,43.64194,-79.38357
INTERNATIONAL PHARMACY,1218 KING STREET W.,Toronto,M6K1G4,43.639066,-79.42817
ISLINGTON DISCOUNT PHARMACY,201-2304 ISLINGTON AVE,Toronto,M9W3W9,43.718417,-79.556672
ISLINGTON IDA PHARMACY,2428 ISLINGTON AVE,Toronto,M9W3X8,43.781669,-79.320153
ISLINGTON MEDICAL PHARMACY,1243 ISLINGTON AVENUE SUITE 103,Toronto,M8X1Y9,43.64594,-79.52351
J.C. PHARMACY,1A- 3685 KEELE ST,Toronto,M3J3H6,43.7534,-79.48812
JAMESTOWN PHARMACY,5- 225 WELLESLEY STREET EAST,Toronto,M4X1X8,43.667325,-79.372738
JANE PARK PLAZA PHARMACY,873 JANE ST.,Toronto,M6N4C4,43.72192,-79.29603
JANE WILSON PHARMACY,2111 JANE ST UNIT # 3,Toronto,M3M1A2,43.66914,-79.3859
JANEDAL PHARMACY,3-965 JANE STREET,Toronto,M6N4E1,43.680818,-79.497169
JARVIS ST. APOTHECARY,275 JARVIS ST,Toronto,M5B2P2,43.658254,-79.374723
JIMMY'S PHARMACY,255 BROADVIEW AVE.,Toronto,M4M2G6,43.66292,-79.35134
JOHN & JACK PHARMACY,787 LAWRENCE AVE WEST,Toronto,M6A1C2,43.714342,-79.452349
JUNCTION PHARMACY,3016 DUNDAS ST W,Toronto,M6P1Z3,43.66567,-79.46995
KASSEL'S PHARMACY,396 ROYAL YORK ROAD,Toronto,M8Y2R5,43.61939,-79.500039
KEELE & ROGERS PHARMACY,D5-605 ROGERS ROAD,Toronto,M6M1B9,43.681619,-79.474513
KINGSWAY DRUGS,114 CUMBERLAND STREET,Toronto,M5R1A6,43.67033,-79.39162
KLH PHARMACY,4113-A LAWRENCE AVENUE E,Toronto,M1E2S2,43.765155,-79.200732
KONOP CHEMISTS LTD,208 BLOOR ST W,Toronto,M5S3B4,43.66892,-79.39589
L. & A. PHARMACY,1485 GERRARD ST E,Toronto,M4L2A4,43.672383,-79.320007
L. LEONE PHARMACY,1615 DUFFERIN ST,Toronto,M6H3L9,43.67663,-79.44228
LAKEFRONT MEDICAL PHARMACY,14-550 QUEENS QUAY WEST,Toronto,M5V3M8,43.637186,-79.396155
LAKESIDE PHARMACY,2438 LAKESHORE BLVD WEST,Toronto,M8V1C4,43.61409,-79.48919
LAWRENCE HEIGHTS PHAMILY PHARMACY,12 FLEMINGTON ROAD,Toronto,M6A2N4,43.71952,-79.44481
LAWRENCE MEDICAL PHARMACY,4-1575 LAWRENCE AVE WEST,Toronto,M6L1C3,43.705635,-79.49007
LAWRENCE PHARMACHOICE,5-2013A LAWRENCE AVE WEST,Toronto,M9N0A3,43.71921,-79.43007
LAWRENCE-VICTORIA PK PHARMACY,1723 LAWRENCE AVE E.,Toronto,M1R2X7,43.745115,-79.295902
LEASIDE COMMUNITY PHARMACY,795 EGLINTON AVENUE E.,Toronto,M4G4E4,43.711242,-79.378653
LEFKO DRUGS,842 WILSON AVENUE,Toronto,M3K1E5,43.730812,-79.467384
LESLIE GROVE PHARMACY,1176 QUEEN STREET E.,Toronto,M4M1L4,43.66303,-79.33212
LIBERTY MARKET PHARMACY,"171 EAST LIBERTY STREET, UNIT 102 ",Toronto,M6K3P6,43.63878,-79.41631
LIFE TRUST PHARMACY,201-125 NORFINCH DR,Toronto,M3N1W8,43.756916,-79.525639
LILY PHARMACY,9-2721 JANE STREET,Toronto,M3L1S3,43.740692,-79.513259
LINGEMAN PHARMACY,411 JANE ST,Toronto,M6S3Z6,43.65875,-79.48792
LMC PHARMACY,107-1929 BAYVIEW AVENUE,Toronto,M4G3E8,43.715993,-79.377546
LOBLAW PHARMACY,585 QUEEN STREET WEST,Toronto,M5V2B7,43.647554,-79.401596
LOBLAW PHARMACY,60 CARLTON STREET,Toronto,M5B1L1,43.66217,-79.37927
LOBLAW PHARMACY,5095 YONGE STREET,Toronto,M2N6Z4,43.767355,-79.41271
LOBLAW PHARMACY,LOBLAWS DIVISION 2877 BAYVIEW AVENUE,Toronto,M2K2S3,43.768619,-79.387295
LOBLAW PHARMACY,51 GERRY FITZGERALD DR,Toronto,M3J3N4,43.78483,-79.47151
LOBLAW PHARMACY,LOBLAWS RCSS DIVISION 825 DON MILLS ROAD,Toronto,M3C1V4,43.720218,-79.338305
LOBLAW PHARMACY,LOBLAWS SUPERMARKET 11 REDWAY ROAD,Toronto,M4H1P6,43.70157,-79.3589
LOBLAW PHARMACY,LOBLAWS DIV 396 ST CLAIR AVE WEST,Toronto,M4P3N3,43.69097,-79.38171
LOBLAW PHARMACY,2549 WESTON ROAD,Toronto,M9N2A7,43.709959,-79.533854
LOBLAW PHARMACY,200 FRONT STREET EAST,Toronto,M5A4T9,43.65053,-79.36616
LORD'S PHARMACY,225 WELLESLEY ST,Toronto,M4X1X8,43.66733,-79.37274
M&D SHEPPARD PHARMACY,2-872 SHEPPARD AVE W,Toronto,M3H5V5,43.751178,-79.459019
MAIN DRUG MART,1169 DUNDAS ST WEST,Toronto,M6J2Z9,43.64944,-79.42211
MAIN DRUG MART,1315 FINCH AVE WEST SUITE 117,Toronto,M3J2G6,43.751259,-79.54618
MAIN DRUG MART,1473 DANFORTH AVE.,Toronto,M4J1N5,43.682602,-79.325954
MAIN DRUG MART,2160 WESTON ROAD,Toronto,M9N1X6,43.702857,-79.525458
MAIN DRUG MART,25 OVERLEA BLVD #4,Toronto,M4H1P9,43.704954,-79.350046
MAIN DRUG MART,2536 KEELE STREET,Toronto,M6L2N8,43.715278,-79.479853
MAIN DRUG MART,3245 FINCH AVE. EAST,Toronto,M1W4C1,43.795845,-79.319301
MAIN DRUG MART,3265 BAYVIEW AVENUE,Toronto,M2K1G4,43.791613,-79.393023
MAIN DRUG MART,61 QUEEN ST EAST,Toronto,M5C2T2,43.652826,-79.376288
MAIN DRUG MART,658 DANFORTH AVE UNIT 102,Toronto,M4J5B9,43.68778,-79.30205
MAIN DRUG MART,7-1646 VICTORIA PARK AVENUE,Toronto,M1R1P7,43.730376,-79.304987
MAIN DRUG MART,844 BATHURST ST,Toronto,M5R3G1,43.66628,-79.41205
MAIN DRUG MART,2772 DANFORTH AVENUE,Toronto,M4C1L7,43.689551,-79.296986
MAIN DRUG MART,410 SHERBOURNE STREET,Toronto,M4X1K2,43.66484,-79.37347
MAIN DRUG MART,2091 DANFORTH AVENUE,Toronto,M4C1K1,43.685556,-79.312324
MAIN DRUG MART,1-399 CHURCH ST,Toronto,M5B2J6,43.66179,-79.37894
MAIN DRUG MART,5 THE MARKET PLACE,Toronto,M4C5M2,43.69601,-79.29212
MAIN DRUG MART,6-943 O'CONNOR DRIVE,Toronto,M4B2S7,43.707974,-79.310629
MAIN DRUG MART,2558 DANFORTH AVE,Toronto,M4C1L3,43.688471,-79.30177
MAIN DRUG MART,521 VICTORIA PARK AVE,Toronto,M4C5H1,43.690074,-79.287622
MAIN DRUG MART,1 OAK STREET UNIT 1 & 2,Toronto,M5A0A1,43.664906,-79.351921
MAIN DRUG MART,140 THE ESPLANADE,Toronto,M5A4P5,43.64856,-79.37026
MAIN DRUG MART,1130 BLOOR ST WEST,Toronto,M6H1M8,43.660116,-79.43509
MAPLE LEAF MEDICAL PHARMACY,14 COLLEGE ST,Toronto,M5G1K2,43.66149,-79.38394
MARGIS PHARMACY,408 RONCESVALLES AVE,Toronto,M6R2M9,43.65135,-79.45129
MARKET ST. PHARMACY,149 AUGUSTA AVENUE,Toronto,M5T2L4,43.652669,-79.401086
MARKIE PHARMACY,1235 BAY STREET,Toronto,M5R3K4,43.670888,-79.389643
MARKLAND WOOD PHARMACY,4335 BLOOR STREET WEST,Toronto,M9C2A5,43.6476,-79.50954
MARSHALL'S DRUG STORE,412 SUMMERHILL AVENUE,Toronto,M4W2E4,43.68617,-79.37624
MEDCENTRAL PHARMACY,20 DREWRY AVE,Toronto,M2M1C8,43.78714,-79.4183
MEDI CHOICE PHARMACY,842 GERRARD ST. E UNIT 2,Toronto,M4M1Y7,43.667815,-79.343307
MEDICAL PHARMACY,340 COLLEGE STREET,Toronto,M5T3A9,43.657581,-79.403464
MEDICARE PHARMACY,B109-3341 MARKHAM RD,Toronto,M1X0A5,43.835359,-79.251232
MEDICINE CABINET LAKESHORE PHARMACY,2081 LAKESHORE BLVD WEST,Toronto,M8V3Z4,42.19533,-82.81387
MEDIMOST PHARMACY INC,2883 DANFORTH AVENUE,Toronto,M4C1M3,43.689662,-79.294551
MEDI-PLACE PHARMACY,3300 BLOOR STREET W SUITE #146,Toronto,M8X2W8,43.64825,-79.50636
MEDI-PLACE PHARMACY,1A-622 COLLEGE STREET,Toronto,M6G1B4,43.65484,-79.41495
MEDISYSTEM,3-75 LESMILL ROAD,Toronto,M3B2T8,43.759122,-79.356421
MEDSEXPERT PHARMACY,461 CHURCH ST,Toronto,M4Y2C5,43.66426,-79.37999
METRO DRUGS,320 SCARLETT RD,Toronto,M9A4S4,43.682253,-79.510518
METRO DRUGS,129 DUNDAS ST EAST,Toronto,M5B2N6,43.65671,-79.37643
METRO DRUGS,1290 BLOOR ST WEST,Toronto,M6H1N9,43.658821,-79.442111
METRO MEDICAL PHARMACY,351 CHRISTIE ST.,Toronto,M6G3C2,43.67339,-79.42117
METRO PHARMACY,3221 EGLINTON AVENUE E.,Toronto,M1J2H7,43.742831,-79.220546
METRO PHARMACY,16 WILLIAM KITCHEN BLVD,Toronto,M1P5B7,43.771079,-79.28176
METRO PHARMACY,3003 DANFORTH AVENUE,Toronto,M4C1M9,43.690307,-79.293458
METRO PHARMACY,80 FRONT ST EAST,Toronto,M5E1T4,43.649498,-79.37295
METRO PHARMACY,100 LYNN WILLIAMS ST,Toronto,M6K3N6,43.63996,-79.41787
METRO PHARMACY,2155 ST. CLAIR AVE WEST,Toronto,M6N1K5,43.669651,-79.473174
METROPOLITAN PHARMACY,4G SPADINA AVE,Toronto,M5V3Z9,43.67474,-79.37619
MOBARAK GUARDIAN PHARMACY,28 OVERLEA BLVD,Toronto,M4H1B6,43.70554,-79.35001
MORELLI'S PHARMACY,93 LAIRD DRIVE,Toronto,M4G3T7,43.706138,-79.361782
MORELLI'S PHARMACY,15 YORK STREET,Toronto,M5J0A3,43.642348,-79.380871
MOSS PARK PHARMACY,325 QUEEN STREET EAST,Toronto,M5A1S9,43.655222,-79.365344
MOUNT PLEASANT PHARMACY,245 EGLINTON AVENUE E.,Toronto,M4P1L2,43.708261,-79.389548
MP SPECIALTY PHARMACY,290 SHUTER STREET-2ND FLOOR,Toronto,M5A1W7,43.65699,-79.36558
MURRAY SHORE PHARMACY,3537 BATHURST STREET,Toronto,M6A2C7,43.729851,-79.431834
NATIONS PHARMACY,1980 ST CLAIR AVENUE W,Toronto,M6N0A3,43.672204,-79.470618
NEW CALEDONIA PHARMACY,600 CALEDONIA RD,Toronto,M6E4V6,43.68957,-79.46114
NEW CARE PHARMACY,56 WESTMORE DR,Toronto,M9V1C3,43.739893,-79.603732
NEW DAY DANFORTH PHARMACY,1288 DANFORTH AVENUE,Toronto,M4J1M6,43.682185,-79.33024
NEW ERA PHARMACY,2163 DANFORTH AVENUE,Toronto,M4C1K2,43.685951,-79.310762
NEWE TOWNE MEDICAL PHARMACY,102-3420 FINCH AVE E,Toronto,M1W2R6,43.79738,-79.31278
NHATRANG DRUG MART,790 WILSON AVE,Toronto,M3K1E2,43.731292,-79.465122
NORTH PARK MEDICAL PHARMACY,D2-2355 KEELE STREET,Toronto,M6M4A1,43.707675,-79.477478
NORTHCLIFFE PHARMACY,1751 EGLINTON AVE W,Toronto,M6E2H7,43.694972,-79.453456
NORTHERN RX MEDICAL PHARMACY,201-418 EGLINTON AVE WEST,Toronto,M5N1A2,43.704286,-79.411062
NOVA PHARMACY,1674 DUFFERIN ST,Toronto,M6H3M1,43.67749,-79.44325
OAKWOOD PHARMACY,332 OAKWOOD AVE,Toronto,M6E2V9,43.68676,-79.438664
OLD PARK PHARMACY,1042 EGLINTON AVE WEST,Toronto,M6C2C5,43.70018,-79.43043
OMNI PHARMACY,799 BLOOR ST W,Toronto,M6G1L8,43.662717,-79.42135
ON CARE PHARMACY,481 DUNDAS STREET WEST,Toronto,M5T1H1,43.653001,-79.39725
ONE COMMUNITY PHARMACY,347 SPADINA AVE,Toronto,M5T2G3,43.65528,-79.39867
ONE MEDICAL PHARMACY,102-20 WYNFORD DR,Toronto,M3C1J4,43.72397,-79.33633
ONE PHARMACY,5292 YONGE STREET,Toronto,M2N5P9,43.772414,-79.414043
OSSINGTON MEDICAL PHARMACY,836 BLOOR STREET WEST,Toronto,M6G1M2,43.662584,-79.423793
PACE PHARMACY,14 ISABELLA ST,Toronto,M4Y1N1,43.66793,-79.38509
PAPE DRUG MART,751 PAPE AVE,Toronto,M4K3T1,43.680315,-79.345074
PARKDALE GUARDIAN DRUGS,1488 QUEEN ST WEST,Toronto,M6K1M4,43.64066,-79.43772
PARKDALE PHARMACY,1439 KING ST WEST,Toronto,M6K1H9,43.63755,-79.43285
PARKSIDE REMEDY RX,1640 BLOOR ST W,Toronto,M6P1A7,43.655692,-79.45649
PARLIAMENT PHARMACY,402 PARLIAMENT ST,Toronto,M5A2Z7,43.661769,-79.367266
PEOPLES CHOICE REMEDY'S RX,1145 MORNINGSIDE AV. UNIT #16,Toronto,M1B0A7,43.808538,-79.202533
PEOPLES DRUG MART,491 LAWRENCE AVE WEST,Toronto,M5M1C7,43.718804,-79.431663
PEOPLES DRUG MART,294 MAIN STREET,Toronto,M4C4X5,43.68782,-79.30198
PHARMA CENTRE PHARMACY,2299 DUNDAS STREET W,Toronto,M6R1X7,43.655557,-79.452653
PHARMA PLUS,23-55 BLOOR ST W,Toronto,M4W1A5,43.669641,-79.388688
PHARMA PLUS,288 SHEPPARD AVE,Toronto,M2N3B1,43.76533,-79.392786
PHARMA PLUS,325 MOORE AVE,Toronto,M4G3T6,43.696969,-79.369508
PHARMA PLUS,3402 YONGE ST,Toronto,M4N2M9,43.733021,-79.404505
PHARMA PLUS,C216-777 BAY ST,Toronto,M5G2C8,43.66064,-79.38538
PHARMACARE DRUG MART,959 BROADVIEW AVENUE,Toronto,M4K2R5,43.682707,-79.357026
PHARMACIA SEIFEIN PHARMACY,553 ST CLAIR AVE WEST,Toronto,M6C1A3,43.68292,-79.41949
PHARMA-CITA,4810 SHEPPARD AVE EAST UNIT 224,Toronto,M1S4N6,43.78231,-79.29363
PHARMACY BY THE GRANGE,UNIT 9 & 10 275 DUNDAS STREET W.,Toronto,M5T1G1,43.654305,-79.390455
PHARMACY ZEN,6-4234 LAWRENCE AVE E,Toronto,M1E2S5,43.769575,-79.180966
PHARMACY.CA,311 SHERBOURNE STREET,Toronto,M5A3Y1,43.66148,-79.37186
PHARMADOCS,199 CHURCH ST. LOWER LEVEL,Toronto,M5B1Y7,43.655703,-79.376497
PHARMADOCS,4972 DUNDAS STREET WEST,Toronto,M9A1B7,43.647468,-79.530264
PHARMAKEIO GUARDIAN,5-1260 KENNEDY ROAD,Toronto,M1P2L3,43.760539,-79.28
PHARMASAVE,1018 PAPE AVENUE,Toronto,M4K3V9,43.689007,-79.349019
PHARMASAVE,1021 KINGSTON ROAD,Toronto,M4E1T5,43.68063,-79.28476
PHARMASAVE,"150 WYNFORD DRIVE, UNIT 115 ",Toronto,M3C1K6,43.727218,-79.326641
PHIL-WAY PHARMACY,1700 EGLINTON AVE EAST UNIT A3,Toronto,M4A2X4,43.707042,-79.397974
PHIL-WAY PHARMACY,A3-1700 EGLINTON AVE EAST,Toronto,M4A2X4,43.72604,-79.31314
PREMIER PHARMACY & COMPOUNDING CENTRE,3323 BATHURST ST,Toronto,M6A2B7,43.725412,-79.430944
PRESCRIPTION CARE CENTRE ST. MICHAEL'S HOSPITAL,30 BOND ST #1038 QUEEN WING,Toronto,M5B1W8,43.65366,-79.37768
PRINCESS MARGARET HOSPITAL OUTPATIENT PHARMACY,610 UNIVERSITY AVENUE RM M633,Toronto,M5G2M9,43.65542,-79.38917
PROCARE IDA PHARMACY,795 BROADVIEW AVE,Toronto,M4K2P8,43.67771,-79.35832
PROCARE PHARMACY,2-3551 SHEPPARD E,Toronto,M1T3K8,43.76201,-79.41045
PROGRESS MEDICAL PHARMACY,1-1939 KENNEDY RD,Toronto,M1P2L9,43.770307,-79.28265
PROHEALTH PHARMACY,343 COXWELL AVE UNIT #3,Toronto,M4L3B5,43.675207,-79.319929
PROVIDENCE PHARMACY PROVIDENCE HEALTHCARE,3276 ST. CLAIR AVE,Toronto,M1L1W1,43.67474,-79.37619
R. K. PHARMACY,302 SPADINA AVENUE SUITE 101,Toronto,M5T2E7,43.65528,-79.39867
RAXLEN PHARMACY,343 COLLEGE ST,Toronto,M5T1S9,43.65712,-79.40324
REGENCY PHARMACY,101-2737 KEELE STREET,Toronto,M3M2E9,43.72581,-79.48061
REMEDY'S RX EGLINTON BAYVIEW COMPOUNDING PHARMACY,586 EGLINTON AVE EAST SUITE 102,Toronto,M4P1P2,43.70258,-79.4196
REMEDY'S RX GLOBAL DRUG MART,901 BAY ST,Toronto,M5S3K6,43.663305,-79.386448
REXALL,1 FIRST CANADIAN PLACE UNIT #CN1038 ,Toronto,M5K1C8,43.664481,-79.352034
REXALL,63 WELLESLEY ST E,Toronto,M4Y1G7,43.66544,-79.38132
REXALL,YONGE-EGLINTON CENTRE 2300 YONGE ST,Toronto,M4P1E4,43.707158,-79.399084
REXALL,1245 DUPONT ST,Toronto,M6H2A6,43.667518,-79.441757
REXALL,C001-2 ST CLAIR AVE EAST,Toronto,M4T2T5,43.688076,-79.394126
REXALL,600 UNIVERSITY AVENUE,Toronto,M5G1X5,43.657536,-79.390445
REXALL,807 BROADVIEW AVE,Toronto,M4K2P8,43.67793,-79.3582
REXALL,539 PARLIAMENT STREET,Toronto,M4X1P7,43.66604,-79.36847
REXALL,1725 AVENUE RD,Toronto,M5M3Y5,43.72839,-79.41832
REXALL,4789 YONGE STREET UNIT #2,Toronto,M2N0G3,43.76311,-79.411333
REXALL,474 SPADINA AVE,Toronto,M5T2G8,43.65773,-79.40037
REXALL,250 UNIVERSITY AVE,Toronto,M5H3E5,43.65042,-79.38702
REXALL,87 AVENUE ROAD,Toronto,M5R3R9,43.6729,-79.39609
REXALL,3306 KEELE STREET,Toronto,M3M2H7,43.743832,-79.486563
REXALL,63 FRONT STREET EAST,Toronto,M5E1B3,43.65053,-79.36616
REXALL,159 YONGE ST,Toronto,M5C1X7,43.65198,-79.37886
REXALL,88 QUEENS QUAY WEST,Toronto,M5J0B8,43.64055,-79.37846
REXALL,76 GRENVILLE STREET,Toronto,M5S1B2,43.66136,-79.38647
REXALL,1235 WILSON AVENUE,Toronto,M3M0B2,43.724258,-79.489216
REXALL,1093 QUEEN STREET WEST,Toronto,M6J1J1,43.643256,-79.42266
REXALL,401 YONGE ST.,Toronto,M5B1S9,43.6594,-79.38188
REXALL,481 BLOOR STREET W,Toronto,M5S1Y2,43.66523,-79.40968
REXALL,285 SPADINA AVENUE,Toronto,M5T2E6,43.653233,-79.397618
REXALL,190 SHERWAY DR,Toronto,M9C5N2,43.608672,-79.560329
REXALL,DUNDAS ST W,Toronto,M6K1T8,43.655911,-79.381563
REXALL,DUFFERIN ST,Toronto,M6E3X7,43.726989,-79.457642
REXALL,249 MARLEE AVENUE UNIT B,Toronto,M6B4B8,43.705883,-79.442112
REXALL,3701 LAKESHORE BLVD W,Toronto,M8W1P8,43.593011,-79.538909
REXALL,393 SPADINA RD,Toronto,M5P2W1,43.6885,-79.41238
REXALL,440 BROWNS LINE,Toronto,M8W3T9,43.601961,-79.545758
REXALL,595 BAY ST BOX 125,Toronto,M5G2C2,43.656221,-79.383301
REXALL,901 EGLINTON AVE W,Toronto,M6C2C1,43.70049,-79.4275
REXALL,3607 SHEPPARD AVE E,Toronto,M1T3K8,43.782003,-79.293909
REXALL,1113-1115 WILSON AVE,Toronto,M3M1H2,43.726209,-79.482973
REXALL,120 ADELAIDE ST W UNIT R28,Toronto,M5H1T1,43.65001,-79.3832
REXALL,200-200 WELLINGTON ST W PO BOX 101,Toronto,M5V3C7,43.645862,-79.38785
REXALL,3-345 BLOOR ST E,Toronto,M4W3J6,43.671543,-79.377979
REXALL,660 EGLINGTON AVE E,Toronto,M4G2K2,43.70933,-79.38568
REXALL,COMMERCE COURT WEST C186-199 BAY ST,Toronto,M5L1E7,43.64823,-79.37956
REXALL,PHARMACIES LTD 48 YONGE STREET,Toronto,M5E1G6,43.648009,-79.377764
REXALL,3560 BATHURST ST,Toronto,M6A2E1,43.730064,-79.434147
RIVER HILL PHARMACY,2086 LAWRENCE AVE WEST UNIT 1 & 2,Toronto,M9N3Z9,43.701107,-79.512087
ROGERS ROAD PHARMACY,576 ROGERS ROAD,Toronto,M6M1B6,43.682383,-79.471329
ROSEDALE PHARMACY,600 SHERBOURNE STREET,Toronto,M4X1W4,43.671632,-79.376877
ROYA BOUTIQUE PHARMACY,75 PROVOST DRIVE,Toronto,M2K0B7,43.770351,-79.371257
ROYAL CARE PHARMACY,295 COLLEGE STREET,Toronto,M5T1S2,43.657477,-79.40123
RUMBALL DRUG MART,553 SAMMON AVE,Toronto,M4C2E1,43.688643,-79.325594
SABA PHARMACY,547 ST. CLAIR AVE W,Toronto,M6C1A3,43.682434,-79.420612
SAIGON PHARMACY,300 B SPADINA AVE,Toronto,M5T2E7,43.65322,-79.3986
SAMM'S PHARMACY,324 SILVERTHORN AVE,Toronto,M6N3K6,43.68265,-79.463467
SAM'S I.D.A. PHARMACY,101Y-1920 YONGE STREET PO BOX #30,Toronto,M4S3E2,43.649779,-79.378509
SANOMED PHARMACY,1000 BAY STREET,Toronto,M5S3A8,43.66551,-79.38728
SANTE PHARMACY,830 YONGE ST 2ND FLOOR,Toronto,M4W2H1,43.67128,-79.387405
SHEPPARD COMMUNITY PHARMACY,#102-5818 SHEPPARD AVE EAST,Toronto,M1B4Z6,43.79614,-79.22753
SHERBOURNE PHARMACY,26-2300 FINCH AVE WEST,Toronto,M9M2Y3,43.75147,-79.54867
SHOPPERS DRUG MART,901 KING STREET WEST,Toronto,M5V3H5,43.641881,-79.41125
SHOPPERS DRUG MART,463 COLLEGE STREET,Toronto,M6G4C1,43.65604,-79.40848
SHOPPERS DRUG MART,399 BATHURST STREET,Toronto,M5T2S8,43.653095,-79.405688
SHOPPERS DRUG MART,4700 KEELE STREET,Toronto,M3J1P3,43.74802,-79.4879
SHOPPERS DRUG MART,3446 DUNDAS ST W,Toronto,M6S2S1,43.665458,-79.48276
SHOPPERS DRUG MART,1840 EGLINTON AVENUE WEST,Toronto,M6E2J4,43.694972,-79.453456
SHOPPERS DRUG MART,180 DANFORTH AVE,Toronto,M4K1N1,43.6769,-79.35701
SHOPPERS DRUG MART,3366 YONGE STREET,Toronto,M4N2M7,43.732322,-79.404493
SHOPPERS DRUG MART,4990 YONGE STREET,Toronto,M2N0A1,43.765808,-79.412474
SHOPPERS DRUG MART,1473 QUEEN ST W,Toronto,M6R1A1,43.63991,-79.43904
SHOPPERS DRUG MART,1015 LAKESHORE BOULEVARD EAST,Toronto,M4M1B4,43.657983,-79.329916
SHOPPERS DRUG MART,292 DUPONT STREET,Toronto,M5R1V9,43.674943,-79.407917
SHOPPERS DRUG MART,761 KING STREET WEST,Toronto,M5V1N4,43.643062,-79.405852
SHOPPERS DRUG MART,1400 DUPONT STREET,Toronto,M6H2B2,43.666727,-79.44749
SHOPPERS DRUG MART,101-1860 BAYVIEW AVE,Toronto,M4G0C3,43.714154,-79.377937
SHOPPERS DRUG MART,388 KING ST WEST,Toronto,M5V1K2,43.64639,-79.39131
SHOPPERS DRUG MART ,390 QUEENS QUAY WEST,Toronto,M5V3A6,43.63833,-79.3887
SHOPPERS DRUG MART ,"565 SHERBOURNE ST, SUITE 40 ",Toronto,M4X1W7,43.66997,-79.37543
SHOPPERS DRUG MART ,946 LAWRENCE AVE EAST,Toronto,M3C1R1,43.73637,-79.34877
SHOPPERS DRUG MART ,351 QUEEN ST E,Toronto,M5A1T2,43.655482,-79.364107
SHOPPERS DRUG MART ,1500 ISLINGTON AVENUE,Toronto,M9A3L8,43.662947,-79.531129
SHOPPERS DRUG MART,18 LOWER JARVIS STREET,Toronto,M5E1N1,43.64751,-79.37089
SHOPPERS DRUG MART,A-1033 QUEEN ST WEST,Toronto,M6J0A6,43.643753,-79.419439
SHOPPERS DRUG MART,958 BLOOR STREET WEST,Toronto,M6H1L6,43.661616,-79.428775
SHOPPERS DRUG MART,718 YONGE STREET,Toronto,M4Y2B3,43.66837,-79.386267
SHOPPERS DRUG MART,500 KING ST W,Toronto,M5V1L9,43.64532,-79.39681
SHOPPERS DRUG MART,10 DUNDAS STREET EAST UNIT 1,Toronto,M5B2G9,43.65601,-79.37846
SHOPPERS DRUG MART,2528 BAYVIEW AVENUE,Toronto,M2L1A9,43.746841,-79.384787
SHOPPERS DRUG MART,2528 BAYVIEW AVENUE,Toronto,M2L1A9,43.746841,-79.384787
SHOPPERS DRUG MART,236 BLOOR STREET WEST,Toronto,M5S1T8,43.668376,-79.396992
SHOPPERS DRUG MART,260 QUEEN STREET WEST,Toronto,M5V1Z8,43.649892,-79.391887
SHOPPERS DRUG MART,333 BAY STREET,Toronto,M5H2R2,43.65037,-79.38036
SHOPPERS DRUG MART,593 DUNDAS ST E,Toronto,M5A3H6,43.65204,-79.40143
SHOPPERS DRUG MART,A-1285 YORK MILLS ROAD,Toronto,M3A1Z5,43.760731,-79.324954
SHOPPERS DRUG MART,2047 AVENUE ROAD,Toronto,M5M4A7,43.72854,-79.4175
SHOPPERS DRUG MART,"747 DON MILLS RD, UNIT 12 ",Toronto,M3C1T2,43.712489,-79.335404
SHOPPERS DRUG MART,2794 VICTORIA PARK AVE,Toronto,M2J4A8,43.78748,-79.32875
SHOPPERS DRUG MART,1630 DANFORTH AVENUE,Toronto,M4C1H6,43.683966,-79.322269
SHOPPERS DRUG MART,550 EGLINTON AVE W,Toronto,M5N1B6,43.70345,-79.41535
SHOPPERS DRUG MART,2440 DUNDAS STREET W.,Toronto,M6P1W9,43.65912,-79.452954
SHOPPERS DRUG MART,1500 AVENUE ROAD,Toronto,M5M3X2,43.71569,-79.41248
SHOPPERS DRUG MART,360A BLOOR STREET WEST,Toronto,M5S1X1,46.49946,-81.00068
SHOPPERS DRUG MART,20 BLOOR ST E HUDSON BAY CENTRE,Toronto,M4W3G7,43.67076,-79.38544
SHOPPERS DRUG MART,725 COLLEGE STREET,Toronto,M6G1C5,43.654287,-79.419095
SHOPPERS DRUG MART,2494 DANFORTH AVENUE,Toronto,M4C1K9,43.688038,-79.303724
SHOPPERS DRUG MART,759 MOUNT PLEASANT RD,Toronto,M4S2N4,43.70778,-79.38948
SHOPPERS DRUG MART,1881 STEELES AVE WEST,Toronto,M3H5Y4,43.78279,-79.48915
SHOPPERS DRUG MART,1084 WILSON AVENUE,Toronto,M3K1G6,43.728263,-79.480849
SHOPPERS DRUG MART,770 LAWRENCE AVE WEST,Toronto,M6A3C6,43.70111,-79.51209
SHOPPERS DRUG MART,700 BAY STREET,Toronto,M5G1Z6,43.658224,-79.385066
SHOPPERS DRUG MART,970 QUEEN ST EAST,Toronto,M4M1J8,43.66124,-79.34048
SHOPPERS DRUG MART,"1-124B-220 YONGE ST, EATON CTR ",Toronto,M5B2H1,43.65368,-79.38011
SHOPPERS DRUG MART,70 EGLINTON SQUARE BLVD,Toronto,M1L2K1,43.72384,-79.29952
SHOPPERS DRUG MART,265 PORT UNION RD,Toronto,M1C2L3,43.78863,-79.1395
SHOPPERS DRUG MART,925 EGLINTON AVE W,Toronto,M6C2C3,43.70034,-79.42783
SHOPPERS DRUG MART,523 ST. CLAIR AVENUE WEST,Toronto,M6C1A1,43.682571,-79.422379
SHOPPERS DRUG MART,3874 BATHURST ST,Toronto,M3H3N3,43.741204,-79.435325
SHOPPERS DRUG MART,2345 YONGE STREET,Toronto,M4P1E4,43.70716,-79.39908
SHOPPERS DRUG MART,1515 STEELES AVE EAST,Toronto,M2M3Y7,43.78706,-79.471
SHOPPERS DRUG MART,467 PARLIAMENT ST,Toronto,M5A3A3,43.66403,-79.36754
SHOPPERS DRUG MART,2550 FINCH AVENUE WEST,Toronto,M9M2G3,43.751259,-79.54618
SHOPPERS DRUG MART,3003 DANFORTH AVENUE,Toronto,M4C1M9,43.690307,-79.293458
SHOPPERS DRUG MART,620 KEELE ST,Toronto,M6N3E2,43.671608,-79.467855
SHOPPERS DRUG MART,1533 JANE STREET,Toronto,M9N2R2,43.69759,-79.50224
SHOPPERS DRUG MART,45 OVERLEA BLVD.,Toronto,M4H1C3,43.70577,-79.34593
SHOPPERS DRUG MART,1995 WESTON ROAD,Toronto,M9N1X2,43.701359,-79.51941
SHOPPERS DRUG MART,1859 LESLIE STREET,Toronto,M3B2M1,43.752432,-79.359254
SHOPPERS DRUG MART,2343 EGLINTON AVENUE WEST,Toronto,M6E2L6,43.691616,-79.468358
SHOPPERS DRUG MART,3401 DUFFERIN ST.,Toronto,M6A2T9,43.72608,-79.45147
SHOPPERS DRUG MART,5845 YONGE STREET,Toronto,M2M3T9,43.786451,-79.416434
SHOPPERS DRUG MART,812 O'CONNOR DRIVE,Toronto,M4B2S9,43.705965,-79.31284
SHOPPERS DRUG MART,4865 LESLIE STREET,Toronto,M2J2K8,43.779288,-79.3647
SHOPPERS DRUG MART,5899 LESLIE STREET,Toronto,M2H1J8,43.79836,-79.36961
SHOPPERS DRUG MART,6205 BATHURST STREET,Toronto,M2R2A5,43.74284,-79.43587
SHOPPERS DRUG MART,"1115 LODESTAR ROAD, BULDING E ",Toronto,M3J0G9,43.75916,-79.46548
SHOPPERS DRUG MART,817 YONGE STREET,Toronto,M4W2G9,43.672494,-79.387468
SHOPPERS DRUG MART,1012 PAPE AVE,Toronto,M4K3V9,43.688139,-79.347981
SHOPPERS DRUG MART,1507 YONGE STREET,Toronto,M4T1Z2,43.689388,-79.394332
SHOPPERS DRUG MART,555 UNIVERSITY AVE,Toronto,M5G1X8,43.65737,-79.38744
SHOPPERS DRUG MART,465 YONGE ST,Toronto,M4Y1X4,43.661823,-79.383029
SHOPPERS DRUG MART,"181 BAY STREET, BCE PLACE ",Toronto,M5J2T3,43.64692,-79.37866
SHOPPERS DRUG MART,69 YONGE ST,Toronto,M5E1K3,43.64893,-79.37754
SHOPPERS DRUG MART,900 ALBION RD,Toronto,M9V1A5,43.73511,-79.56088
SHOPPERS DRUG MART,2850 LAKESHORE BLVD,Toronto,M8V1J2,43.601691,-79.50217
SHOPPERS DRUG MART,1601 BAYVIEW AVENUE,Toronto,M4G3B5,43.706355,-79.375086
SHOPPERS DRUG MART,2000 QUEEN STREET EAST,Toronto,M4L1J2,43.670176,-79.300186
sHOPPERS DRUG MART,"200 BAY ST, ROYAL BANK PLAZA ",Toronto,M5J2J3,43.67064,-79.48524
SHOPPERS DRUG MART,2223 BLOOR STREET WEST,Toronto,M6S1N7,43.650938,-79.476476
SHOPPERS DRUG MART,524 QUEEN ST WEST,Toronto,M5V2B5,43.64752,-79.40238
SHOPPERS DRUG MART,755 DANFORTH AVENUE,Toronto,M4J1L2,43.679202,-79.342267
SHOPPERS DRUG MART,29A-66 WELLINGTON ST WEST,Toronto,M5K1A1,43.647231,-79.381225
SHOPPERS SIMPLY PHARMACY,701 SHEPPARD AVE EAST,Toronto,M2K2Z3,43.768442,-79.377504
SHOPPERS SIMPLY PHARMACY,101-235 DANFORTH AVE,Toronto,M4K1N2,43.67662,-79.35541
SHOPPERS SIMPLY PHARMACY,1223 ST CLAIR AVE WEST,Toronto,M6E1B5,43.67777,-79.44492
SHOPPERS SIMPLY PHARMACY,1525 ALBION ROAD,Toronto,M9V5G5,43.761242,-79.310806
SIMPILL PHARMACY,1408 QUEEN ST W,Toronto,M6K1L9,43.64129,-79.43459
SINA PHARMACY,37 THE LINKS RD,Toronto,M2P1T7,43.75183,-79.401684
SKYWAY PHARMACY,348 WILSON AVENUE,Toronto,M3H1S9,43.736849,-79.438113
SMITH'S PHARMACY,3463 YONGE STREET,Toronto,M4N2N3,43.734169,-79.404171
SNOWDON PHARMACY,264 BLOOR ST WEST,Toronto,M5S1V8,43.67163,-79.38041
SOBEYS PHARMACY,145 MARLEE AVENUE,Toronto,M6B3H3,43.703047,-79.441433
SOBEYS PHARMACY,7271 BELFIELD EARL.WARD & CO. LTD 2-124 BELFIELD RD,Toronto,M9W1G1,43.66804,-79.37792
SOLARA PHARMACY,3857 LAKE SHORE BLVD W,Toronto,M8W0A2,43.589999,-79.545067
SOLARSKI PHARMACY,149 RONCESVALLES AVENUE,Toronto,M6R2L3,43.643866,-79.447902
SONE'S PHARMACY,991 DOVERCOURT RD,Toronto,M6H2X6,43.667135,-79.431468
SPADINA'S NEIGHBOURHOOD PHARMACY,720 SPADINA AVE,Toronto,M5S2T9,43.665291,-79.403621
ST. CLAIR DRUG MART PHARMACY,1203 ST CLAIR AVENUE WEST,Toronto,M6E1B5,43.677406,-79.444333
ST. GABRIEL MEDICAL PHARMACY,101-650 SHEPPARD AVE. E.,Toronto,M2K3E4,43.768586,-79.381432
ST. GEORGE DRUG MART,567 BATHURST STREET 2ND FLOOR,Toronto,M5S2P8,43.658443,-79.408257
ST. GEORGE PHARMACY,193 COLLEGE ST,Toronto,M5T1P9,43.65867,-79.39491
ST. JAMES DRUG MART,"240 WELLESLEY ST E, #118 ",Toronto,M4X1G5,43.66807,-79.37175
ST. JOSEPH PHARMACY,2930 ISLINGTON AVENUE,Toronto,M9L2K5,43.75651,-79.56973
ST. JOSEPH'S HEALTH CENTRE OUTPATIENT PHARMACY,30 THE QUEENSWAY,Toronto,M6R1B5,43.63936,-79.4501
ST. MICHAEL'S DRUG MART,565 COLLEGE STREET,Toronto,M6G1B2,43.65527,-79.4127
ST. LAWRENCE PHARMACY,126 LOWER SHERBOURNE ST,Toronto,M5A4J4,43.64937,-79.36764
STANBURY'S PHARMACY,1032 PAPE AVE,Toronto,M4K3W2,43.73892,-79.303274
STOCKYARDS PHARMACY,2566 ST CLAIR AVE W,Toronto,M6N1L8,43.668104,-79.488711
SULTAN PHARMACY,8-1118 FINCH AVE WEST,Toronto,M3J3J4,43.770522,-79.456886
SUNNYSIDE MEDICAL PHARMACY,29 RONCESVALLES AVE,Toronto,M6R2K4,43.63996,-79.44634
SWANSEA VILLAGE PHARMASAVE,2388 BLOOR ST WEST,Toronto,M6S1P5,43.64988,-79.4826
SYMINGTON DRUGS,333 SYMINGTON AVE,Toronto,M6P3X1,43.66647,-79.451236
TERRACE SQUARE PHARMACY,3424 WESTON ROAD,Toronto,M9M2W1,43.80737,-79.332211
TGH TRANSPLANT OUTPATIENT PHARMACY,"1202-585 UNIVERSITY AVE, 12 FL ",Toronto,M5G2N2,43.6582,-79.389
THE 6IX PHARMACY ON FRONT,58-550 FRONT ST W,Toronto,M5V3N5,43.641419,-79.399579
THE AKRON PHARMACY,2318 LAKESHORE BLVD WEST,Toronto,M8V1B5,43.61839,-79.48712
THE HEALING SOURCE PHARMACY,2209 BLOOR STREET WEST,Toronto,M6S1N5,43.65103,-79.475793
THE MEDICINE SHOPPE,1168 A DUNDAS STREET W.,Toronto,M6J1X4,43.649191,-79.421589
THE MEDICINE SHOPPE,515 ST. CLAIR AVE WEST,Toronto,M6C1A1,43.682786,-79.418784
THE MEDICINE SHOPPE,2600 EGLINTON AVENUE WEST,Toronto,M6M1T5,43.691423,-79.46943
PALMERSTON PHARMACY,499 COLLEGE ST,Toronto,M6G1A5,43.655778,-79.409693
THE PHARMACY NETWORK,7-1575 JANE ST,Toronto,M9N2R3,43.6992,-79.50239
VILLAGE PHARMACY,473 CHURCH STREET,Toronto,M4Y2C5,43.664525,-79.38021
THEODORE PHARMACY,1450 O'CONNOR DRIVE,Toronto,M4B2T8,43.713662,-79.3068
THORNCLIFFE PHARMACY,106-65 OVERLEA BLVD,Toronto,M4H1P1,43.70681,-79.34695
THORNLEA PHARMACY,"62 OVERLEA BLVD, UNIT 4A ",Toronto,M4H1C4,43.707,-79.34392
TOTAL HEALTH PHARMACY,2115 FINCH AVE WEST SUITE 217,Toronto,M3N2V6,43.7633,-79.4938
TOTAL HEALTH PHARMACY,997 GERRARD ST E,Toronto,M4M1Z4,43.668487,-79.338046
TOTAL HEALTH PHARMACY,1849 YONGE STREET,Toronto,M4S1Y2,43.69696,-79.395927
TOTAL HEALTH PHARMACY,100-801 EGLINTON AVENUE WEST,Toronto,M5N1E3,43.701031,-79.424493
TRILLIUM PHARMACY,3443 FINCH AVE EAST,Toronto,M1W2S1,43.797165,-79.312578
TRINITY DRUG STORE,750 DUNDAS STREET W,Toronto,M6J3S3,43.652394,-79.406436
U&C PHARMACY,700 UNIVERSITY AVENUE UNIT HSC112 SHOPPING CONCOURSE,Toronto,M5G1Z5,43.659016,-79.391191
ULTRA BLOOR PHARMACY,1254 BLOOR ST WEST,Toronto,M6H1N5,43.65902,-79.440374
ULTRA PHARMACY,411 PARLIAMENT STREET,Toronto,M5A3A1,43.66259,-79.36703
UNITED DRUG MART,154 OSSINGTON AVENUE,Toronto,M6J2Z5,43.64745,-79.42032
UNIVERSAL PHARMACY,819 LANSDOWNE AVE,Toronto,M6H3Z2,43.66252,-79.44428
UNIVERSITY HEALTH CENTRE PHARMACY,"4801 KEELE ST, UNIT 59 ",Toronto,M3J3A4,43.77745,-79.49362
UPTOWN PHARMACY,243 EGLINTON AVE WEST,Toronto,M4R1B1,43.704804,-79.406639
URBAN CARE PHARMACY,26 DALHOUSIE STREET,Toronto,M5B2A5,43.65398,-79.37563
VICTOR PHARMACY,123 EDWARD STREET,Toronto,M5G1E2,43.655638,-79.386801
VICTORIA PARK PHARMACY,1314 VICTORIA PARK AVENUE,Toronto,M4B2L4,43.713897,-79.298416
VINA PHARMACY,1025 GERRARD ST E,Toronto,M4M1Z6,43.6687,-79.33717
VINA PHARMACY,1460 QUEEN STREET W.,Toronto,M6K1M2,43.640904,-79.436427
VITA PHARMACY,525 DUNDAS STREET W. UNIT 2,Toronto,M5T1H4,43.65305,-79.39631
VITALITY COMPOUNDING PHARMACY,918 KINGSTON ROAD,Toronto,M4E1S5,43.680844,-79.289102
WALMART PHARMACY,2525 ST. CLAIR AVE WEST,Toronto,M6N4Z5,43.668067,-79.485305
WALMART PHARMACY,WALMART PHARMACY LIMITED 3757 KEELE ST,Toronto,M3J1N4,43.75743,-79.48885
WALMART PHARMACY,1000 GERRARD STREET EAST,Toronto,M4M3G6,43.6694187,-79.3392933
WALMART PHARMACY,2202 JANE STREET,Toronto,M3M1A4,43.718832,-79.508383
WALMART PHARMACY,NORTH PARK PLAZA 1305 LAWRENCE AVENUE W.,Toronto,M6L1A5,43.710008,-79.474392
WALMART PHARMACY,DUFFERIN MALL 900 DUFFERIN STREET,Toronto,M6H4A9,43.655817,-79.435362
WARDEN MEDICAL PHARMACY,3321 SHEPPARD AVE EAST,Toronto,M1T3K2,43.77855,-79.30867
WARDEN WOODS PHARMACY,99 FIRVALLEY COURT,Toronto,M1L1P2,43.70335,-79.277909
WELCOME GUARDIAN PHARMACY,137 RONCESVALLES AVENUE,Toronto,M6R2L2,43.64308,-79.44744
WELCOME GUARDIAN PHARMACY,1881 YONGE ST,Toronto,M4S1Y6,43.69773,-79.39606
WELCOME GUARDIAN PHARMACY,837 DANFORTH AVE,Toronto,M4J1L2,43.67948,-79.3406
WELL + GOOD PHARMACY,557 CHURCH STREET INC 557 CHURCH STREET,Toronto,M4Y2E2,43.66723,-79.38126
WELLCARE PHARMACY,815 COLLEGE STREET,Toronto,M6G1C9,43.65471,-79.42213
WELLCARE PHARMACY,3352 KEELE STREET,Toronto,M3J1L5,43.74695,-79.48847
WELLCARE PHARMACY,1263 WILSON AVE UNIT # 110,Toronto,M3M3G3,43.7411819,-79.4167565
WELLTH PHARMACY,85 CHURCH ST,Toronto,M5C2G2,43.70586,-79.51841
WEST PARK PHARMACY,R1-32-82 BUTTONWOOD AVE,Toronto,M6M2J5,43.6893,-79.50897
WESTON DRUG MART,2159 WESTON ROAD,Toronto,M9N1X8,43.703215,-79.524763
WESTON JANE PHARMACY,1292 WESTON RD,Toronto,M6M4R3,43.689034,-79.495812
WESTOWN PHARMACY,235 DIXON ROAD,Toronto,M9P2M5,43.699473,-79.286425
WESTSIDE PHARMACY,1896 EGLINTON AVE WEST,Toronto,M6E2J6,43.72645,-79.29698
WESTSIDE PHARMACY,D3-2404 EGLINTON AVE W,Toronto,M6M1S6,43.69223,-79.46752
WHITE CROSS DRUGS,300-500 YONGE ST,Toronto,M4Y1X9,43.663189,-79.384079
WHITE'S PHARMACY,725 JANE ST,Toronto,M6N4B3,43.67063,-79.49309
WHITESIDE PHARMACY,1732 ST. CLAIR AVE W,Toronto,M6N1J1,43.674431,-79.459936
WHOLESOME PHARMACY,811A QUEEN STREET EAST,Toronto,M4M1H8,43.64382,-79.42178
WILLOWDALE PHARMACY,6023 YONGE STREET,Toronto,M2M3W2,43.789284,-79.417545
WILSON COMPOUNDING PHARMACY,5-1077 WILSON AVENUE,Toronto,M3K1G7,43.726885,-79.480753
WILSON-ALLEN PHARMACY,517 WILSON AVENUE,Toronto,M3H1V1,43.734542,-79.445935
WOODGREEN PHARMACY,909 QUEEN STREET EAST,Toronto,M4M1J4,43.64382,-79.42178
WOODGREEN PHARMACY,69 QUEEN ST E UNIT #101,Toronto,M5C1R8,43.653761,-79.373864
WOODS DRUG STORE,130 KINGSTON RD,Toronto,M4L1S7,43.67051,-79.31135
WOODVALLEY PHARMACY,14-130 INDUSTRY STREET,Toronto,M6M5G3,43.694672,-79.495073
YONGE DRUG MART,104-2399 YONGE ST,Toronto,M4P2E7,43.64999,-79.37849
YONGE ELMWOOD PHARMACY,201-5025 YONGE STREET,Toronto,M2N5P2,43.65346,-79.37937
YORK MEDICAL PHARMACY,"491 CHURCH ST, UPSTAIRS ",Toronto,M4Y2C6,43.66527,-79.38036
YOURS PHARMACY,796 QUEEN STREET EAST,Toronto,M4M1H4,43.64382,-79.42178
ZARA'S PHARMACY,"1908 GERRARD STREET EAST, UNIT B ",Toronto,M4L2C1,43.67958,-79.31267
